mean_score,max_score,steps
2.0,2.0,260
1.5,2.0,483
1.3333333333333333,2.0,694
1.5,2.0,951
1.2,2.0,1112
1.0,2.0,1269
1.1428571428571428,2.0,1515
1.0,2.0,1679
1.1111111111111112,2.0,1939
1.1,2.0,2161
1.0,2.0,2364
1.1,2.0,2659
1.1,2.0,2884
1.1,2.0,3150
1.5,4.0,3487
1.6,4.0,3689
1.4,4.0,3848
1.7,4.0,4177
1.7,4.0,4468
1.6,4.0,4623
1.7,4.0,4886
1.5,4.0,5054
1.6,4.0,5320
1.4,4.0,5480
1.1,3.0,5679
1.1,3.0,5900
1.1,3.0,6065
0.9,2.0,6286
0.8,2.0,6491
0.8,2.0,6654
1.0,4.0,7049
1.1,4.0,7282
0.9,4.0,7439
1.4,5.0,7841
1.4,5.0,8077
1.7,5.0,8442
1.9,5.0,8729
2.0,5.0,8994
1.9,5.0,9162
1.9,5.0,9328
1.7,5.0,9591
1.8,5.0,9853
2.2,5.0,10213
1.7,4.0,10373
1.9,4.0,10704
1.5,4.0,10874
1.3,4.0,11040
1.3,4.0,11320
1.4,4.0,11550
1.5,4.0,11773
1.4,4.0,11998
1.4,4.0,12241
1.1,3.0,12459
1.4,3.0,12798
1.1,3.0,12958
1.2,3.0,13184
1.3,3.0,13404
1.3,3.0,13690
1.4,3.0,13953
1.3,3.0,14116
1.2,3.0,14275
1.3,3.0,14603
1.5,3.0,14932
1.2,3.0,15095
1.4,3.0,15393
1.5,3.0,15640
1.4,3.0,15807
1.5,3.0,16141
1.4,3.0,16379
1.7,3.0,16736
1.8,3.0,16956
1.5,3.0,17115
1.3,3.0,17338
1.5,3.0,17599
1.4,3.0,17822
1.3,3.0,18024
1.4,3.0,18246
1.2,3.0,18453
1.1,3.0,18615
0.8,2.0,18770
0.8,2.0,18989
1.1,3.0,19298
1.0,3.0,19464
0.9,3.0,19688
1.1,3.0,20013
1.0,3.0,20179
1.3,4.0,20515
1.3,4.0,20739
1.3,4.0,20906
1.6,4.0,21241
1.8,4.0,21563
1.7,4.0,21808
1.9,4.0,22092
2.2,4.0,22512
1.9,4.0,22675
1.9,4.0,22842
1.6,4.0,23066
1.6,4.0,23290
1.8,4.0,23550
1.6,4.0,23776
1.3,4.0,23941
1.7,6.0,24406
1.7,6.0,24668
1.5,6.0,24928
1.6,6.0,25151
1.6,6.0,25308
1.5,6.0,25469
1.6,6.0,25737
1.6,6.0,26030
1.6,6.0,26230
1.9,6.0,26569
1.3,3.0,26729
1.2,3.0,26955
1.0,3.0,27115
1.0,3.0,27337
1.5,5.0,27768
1.5,5.0,27932
1.6,5.0,28262
1.5,5.0,28485
1.8,5.0,28902
1.6,5.0,29140
1.7,5.0,29347
1.6,5.0,29507
1.6,5.0,29673
1.5,5.0,29830
1.1,4.0,30053
1.7,6.0,30543
1.4,6.0,30709
1.5,6.0,30971
1.1,6.0,31133
1.0,6.0,31296
1.0,6.0,31487
1.5,6.0,31932
1.8,6.0,32234
1.8,6.0,32397
1.9,6.0,32639
1.5,5.0,32935
1.6,5.0,33135
1.4,5.0,33294
1.4,5.0,33466
1.5,5.0,33662
1.6,5.0,33926
1.2,3.0,34147
1.4,5.0,34594
1.5,5.0,34798
1.4,5.0,35034
1.3,5.0,35264
1.2,5.0,35433
1.4,5.0,35696
1.4,5.0,35859
1.4,5.0,36094
1.4,5.0,36350
1.4,5.0,36580
1.2,3.0,36904
1.3,3.0,37153
1.4,3.0,37418
1.4,3.0,37612
1.6,3.0,37878
1.4,3.0,38034
1.4,3.0,38197
1.6,3.0,38494
1.6,3.0,38757
1.6,3.0,38984
1.6,3.0,39292
1.6,3.0,39557
1.4,3.0,39728
1.3,3.0,39889
1.1,3.0,40050
1.4,3.0,40370
1.4,3.0,40536
1.5,4.0,40906
1.3,4.0,41065
1.5,4.0,41371
1.2,4.0,41528
1.1,4.0,41751
1.1,4.0,41918
1.3,4.0,42214
1.3,4.0,42378
1.0,4.0,42534
1.1,4.0,42759
0.7,3.0,42922
0.7,3.0,43087
0.6,2.0,43380
0.7,2.0,43613
1.0,4.0,44027
1.1,4.0,44234
1.2,4.0,44555
1.4,4.0,44818
1.5,4.0,45043
1.4,4.0,45206
1.6,4.0,45462
1.8,4.0,45718
1.9,4.0,46045
2.0,4.0,46309
1.8,3.0,46599
2.0,3.0,46932
1.8,3.0,47161
1.9,3.0,47524
1.8,3.0,47678
1.8,3.0,47843
1.6,3.0,48001
1.6,3.0,48266
1.4,3.0,48493
1.3,3.0,48692
1.3,3.0,48994
1.3,3.0,49354
1.2,3.0,49510
1.3,4.0,49907
1.5,4.0,50202
1.5,4.0,50362
1.8,4.0,50671
1.7,4.0,50876
1.9,4.0,51211
2.2,4.0,51604
2.2,4.0,51871
2.0,4.0,52097
2.2,4.0,52386
2.0,4.0,52645
2.1,4.0,52957
2.2,4.0,53160
2.3,4.0,53580
2.4,4.0,53837
2.2,4.0,54035
2.2,4.0,54374
2.1,4.0,54601
2.2,4.0,54885
2.0,4.0,55046
2.0,4.0,55345
1.9,4.0,55642
1.9,4.0,55839
1.8,4.0,56168
2.0,4.0,56568
1.9,4.0,56730
1.5,4.0,56891
1.5,4.0,57091
1.6,4.0,57390
1.6,4.0,57553
1.9,5.0,58025
1.9,5.0,58285
1.8,5.0,58444
1.5,5.0,58603
1.2,5.0,58806
1.4,5.0,59097
1.5,5.0,59318
1.4,5.0,59482
1.3,5.0,59767
1.4,5.0,59963
1.0,2.0,60163
0.8,2.0,60327
0.9,2.0,60554
1.4,5.0,60967
1.6,5.0,61320
1.7,5.0,61655
1.8,5.0,61924
2.0,5.0,62219
2.0,5.0,62478
2.2,5.0,62806
2.2,5.0,63025
2.5,5.0,63364
2.6,5.0,63628
2.3,3.0,63885
2.3,3.0,64204
2.0,3.0,64367
2.2,4.0,64735
2.2,4.0,65031
2.1,4.0,65261
1.8,4.0,65428
1.8,4.0,65653
1.5,4.0,65816
1.4,4.0,66036
1.5,4.0,66341
1.5,4.0,66609
1.7,4.0,66867
1.3,3.0,67029
1.1,3.0,67188
1.0,3.0,67355
1.2,3.0,67624
1.3,3.0,67885
1.3,3.0,68048
1.4,3.0,68312
1.1,3.0,68469
1.0,2.0,68741
1.4,6.0,69256
1.5,6.0,69451
1.7,6.0,69741
1.9,6.0,70030
1.8,6.0,70230
1.7,6.0,70430
1.9,6.0,70666
1.7,6.0,70828
1.8,6.0,71050
1.8,6.0,71315
1.6,4.0,71697
1.6,4.0,71897
1.6,4.0,72160
1.7,4.0,72461
1.9,4.0,72790
1.8,4.0,72950
1.7,4.0,73168
2.0,4.0,73476
2.1,4.0,73742
2.0,4.0,73944
1.7,3.0,74166
1.6,3.0,74333
1.6,3.0,74603
1.5,3.0,74872
1.3,3.0,75076
1.3,3.0,75245
1.2,3.0,75407
1.1,2.0,75672
1.2,3.0,75999
1.2,3.0,76193
1.1,3.0,76354
1.2,3.0,76577
1.0,3.0,76741
1.2,4.0,77140
1.2,4.0,77354
1.5,4.0,77696
1.5,4.0,77869
1.7,4.0,78234
1.6,4.0,78473
1.6,4.0,78693
1.7,4.0,78922
1.8,4.0,79182
2.0,4.0,79447
1.6,4.0,79605
1.6,4.0,79832
1.3,4.0,79992
1.4,4.0,80190
1.3,3.0,80515
1.3,3.0,80770
1.3,3.0,80991
1.3,3.0,81186
1.4,3.0,81542
1.2,3.0,81705
1.5,3.0,82062
1.6,3.0,82325
2.1,5.0,82725
2.2,5.0,82991
2.2,5.0,83321
2.1,5.0,83546
2.0,5.0,83704
1.9,5.0,83868
1.8,5.0,84130
2.3,5.0,84588
2.0,5.0,84755
1.9,5.0,84978
1.4,5.0,85138
1.2,5.0,85300
1.1,5.0,85565
1.3,5.0,85875
1.6,5.0,86204
1.9,5.0,86532
2.0,5.0,86843
1.6,3.0,87050
1.8,3.0,87313
1.7,3.0,87479
1.8,3.0,87706
1.9,3.0,87938
2.0,3.0,88244
1.7,3.0,88409
1.6,3.0,88705
1.5,3.0,88947
1.5,3.0,89271
1.6,3.0,89517
1.6,3.0,89752
1.6,3.0,89905
1.7,3.0,90148
1.7,3.0,90368
1.6,3.0,90631
1.7,3.0,90864
1.6,3.0,91084
1.4,3.0,91243
1.2,2.0,91462
1.3,3.0,91829
1.3,3.0,92070
1.4,3.0,92282
1.6,4.0,92625
1.6,4.0,92849
1.5,4.0,93055
1.8,4.0,93441
2.0,4.0,93716
2.2,4.0,93952
2.3,4.0,94219
2.2,4.0,94486
2.7,7.0,95053
2.9,7.0,95373
2.5,7.0,95537
2.6,7.0,95830
2.9,7.0,96199
2.9,7.0,96533
2.8,7.0,96793
3.0,7.0,97130
2.9,7.0,97332
3.3,7.0,97850
2.7,6.0,98081
2.4,6.0,98245
2.4,6.0,98407
2.4,6.0,98696
2.3,6.0,99053
2.1,6.0,99313
2.2,6.0,99649
2.1,6.0,99973
2.4,6.0,100332
1.9,4.0,100557
1.9,4.0,100777
2.1,4.0,101032
2.1,4.0,101200
2.0,4.0,101403
2.1,4.0,101778
2.2,4.0,102102
2.0,4.0,102323
2.1,4.0,102660
1.7,4.0,102821
2.2,6.0,103286
2.2,6.0,103512
2.0,6.0,103677
2.1,6.0,103901
2.2,6.0,104161
2.1,6.0,104497
2.1,6.0,104811
2.1,6.0,105029
2.0,6.0,105362
2.4,6.0,105717
1.9,4.0,105922
1.9,4.0,106142
2.2,4.0,106502
2.3,4.0,106775
2.2,4.0,107003
2.1,4.0,107272
2.1,4.0,107572
2.1,4.0,107775
1.9,4.0,107999
1.8,3.0,108326
2.0,3.0,108630
2.3,4.0,109015
2.5,5.0,109422
2.4,5.0,109627
2.6,5.0,109982
2.5,5.0,110205
2.4,5.0,110469
2.3,5.0,110632
2.5,5.0,110967
2.3,5.0,111164
2.4,5.0,111527
2.2,5.0,111815
1.9,4.0,112100
1.9,4.0,112299
2.0,4.0,112666
1.9,4.0,112833
2.0,4.0,113132
2.2,4.0,113390
2.0,4.0,113620
1.9,4.0,113788
1.7,4.0,114082
1.5,4.0,114244
1.5,4.0,114509
1.7,4.0,114842
1.6,3.0,115201
1.9,3.0,115532
1.9,3.0,115842
1.7,3.0,116008
1.9,3.0,116316
1.9,3.0,116479
2.0,3.0,116836
2.4,4.0,117240
2.5,4.0,117536
2.5,4.0,117872
2.4,4.0,118155
2.2,4.0,118381
2.1,4.0,118671
2.6,5.0,119133
2.3,5.0,119289
2.4,5.0,119495
2.3,5.0,119785
2.2,5.0,120114
2.0,5.0,120310
2.0,5.0,120637
2.0,5.0,120895
2.0,5.0,121117
1.9,5.0,121322
1.5,3.0,121521
1.6,3.0,121724
1.5,3.0,121891
1.5,3.0,122176
1.5,3.0,122475
1.7,3.0,122778
1.4,3.0,122941
1.5,3.0,123223
1.9,5.0,123675
1.9,5.0,123908
1.8,5.0,124076
1.7,5.0,124241
1.8,5.0,124470
1.6,5.0,124633
1.6,5.0,124961
1.3,5.0,125117
1.5,5.0,125385
1.2,5.0,125549
0.8,3.0,125770
0.8,3.0,125973
0.8,3.0,126138
0.9,3.0,126363
1.0,3.0,126628
1.3,3.0,126954
1.1,3.0,127158
1.3,3.0,127416
1.5,4.0,127756
1.6,4.0,127954
1.9,4.0,128316
1.9,4.0,128538
1.9,4.0,128704
2.2,4.0,129064
2.0,4.0,129240
2.0,4.0,129547
2.1,4.0,129840
2.0,4.0,130040
2.1,5.0,130451
2.1,5.0,130647
1.9,5.0,130887
1.9,5.0,131110
2.1,5.0,131378
2.1,5.0,131721
2.2,5.0,131920
2.1,5.0,132210
1.9,5.0,132367
2.0,5.0,132629
1.9,4.0,132982
2.0,4.0,133244
2.2,4.0,133620
2.2,4.0,133834
2.0,4.0,133998
2.3,7.0,134554
2.7,7.0,134950
2.6,7.0,135173
2.8,7.0,135457
2.9,7.0,135793
2.5,7.0,135951
2.8,7.0,136378
2.7,7.0,136680
2.7,7.0,136880
3.0,7.0,137212
2.9,6.0,137739
2.8,6.0,138070
3.0,6.0,138369
2.9,6.0,138590
2.8,6.0,138849
2.8,6.0,139013
2.6,6.0,139337
2.5,6.0,139612
2.9,6.0,140013
2.9,6.0,140363
2.4,5.0,140564
2.1,5.0,140761
2.1,5.0,141072
2.4,5.0,141408
2.5,5.0,141709
2.9,5.0,142065
2.8,5.0,142336
2.8,5.0,142597
2.4,4.0,142794
2.2,4.0,142999
2.2,4.0,143200
2.6,5.0,143628
2.6,5.0,143924
2.4,5.0,144178
2.4,5.0,144490
2.0,5.0,144656
2.0,5.0,144943
2.2,5.0,145313
2.2,5.0,145510
2.3,5.0,145794
2.4,5.0,146093
2.2,4.0,146407
2.0,4.0,146649
1.9,4.0,146847
1.6,4.0,147014
2.0,4.0,147398
2.2,4.0,147791
2.0,4.0,148063
2.3,4.0,148442
2.2,4.0,148670
2.1,4.0,148863
1.9,4.0,149063
2.0,4.0,149335
2.1,4.0,149628
2.2,4.0,149845
2.2,4.0,150218
2.1,4.0,150520
2.1,4.0,150788
1.7,4.0,150955
1.8,4.0,151244
1.9,4.0,151534
1.9,4.0,151762
2.1,4.0,152097
2.1,4.0,152385
2.4,4.0,152754
2.4,4.0,153142
2.3,4.0,153404
2.3,4.0,153689
2.8,5.0,154174
2.9,5.0,154502
3.1,5.0,154876
3.7,7.0,155242
3.5,7.0,155501
3.6,7.0,155811
3.4,7.0,156053
3.0,7.0,156216
2.9,7.0,156439
2.7,7.0,156611
2.5,7.0,156939
2.5,7.0,157262
2.4,7.0,157620
2.0,3.0,157980
2.0,3.0,158238
1.9,3.0,158509
1.9,3.0,158788
2.1,3.0,159089
2.3,3.0,159410
2.4,3.0,159608
2.6,5.0,160033
2.4,5.0,160238
2.4,5.0,160565
2.3,5.0,160833
2.5,5.0,161199
2.5,5.0,161466
2.3,5.0,161632
2.5,5.0,161997
2.5,5.0,162314
2.6,5.0,162577
2.3,4.0,162843
2.3,4.0,163041
2.3,4.0,163340
2.2,4.0,163546
1.9,4.0,163751
2.3,6.0,164228
2.6,6.0,164527
2.2,6.0,164691
2.0,6.0,164897
2.1,6.0,165232
2.1,6.0,165493
2.3,6.0,165826
2.4,6.0,166172
2.4,6.0,166375
2.3,6.0,166538
1.8,4.0,166767
1.8,4.0,167123
2.1,4.0,167424
2.4,4.0,167814
2.9,8.0,168324
3.0,8.0,168629
3.3,8.0,169073
3.2,8.0,169403
3.5,8.0,169767
4.1,8.0,170245
4.4,8.0,170602
4.1,8.0,170766
4.1,8.0,171090
3.9,8.0,171359
3.4,6.0,171663
3.8,7.0,172226
3.6,7.0,172614
3.4,7.0,172843
3.6,7.0,173369
3.2,7.0,173661
3.0,7.0,173945
3.2,7.0,174210
3.2,7.0,174487
3.3,7.0,174812
3.2,7.0,175069
2.7,6.0,175310
2.5,6.0,175610
2.4,6.0,175772
2.1,3.0,176108
2.1,3.0,176384
2.0,3.0,176606
2.1,3.0,176935
2.1,3.0,177265
2.5,7.0,177798
2.8,7.0,178233
3.0,7.0,178618
3.3,7.0,179012
3.3,7.0,179177
3.0,7.0,179343
2.8,7.0,179509
2.7,7.0,179671
3.2,8.0,180158
3.0,8.0,180396
2.8,8.0,180820
2.5,8.0,181106
2.2,8.0,181307
1.8,8.0,181536
1.8,8.0,181697
1.9,8.0,181924
2.3,8.0,182294
2.5,8.0,182563
2.2,5.0,182991
2.3,5.0,183236
1.9,5.0,183436
1.9,5.0,183698
1.9,5.0,183925
2.3,5.0,184377
2.4,5.0,184579
2.6,5.0,184882
2.3,5.0,185084
2.3,5.0,185355
2.5,7.0,185860
2.6,7.0,186182
2.8,7.0,186491
3.2,7.0,187017
3.3,7.0,187255
3.0,7.0,187545
3.8,9.0,188017
3.9,9.0,188379
3.9,9.0,188604
4.0,9.0,188929
3.4,9.0,189141
3.4,9.0,189448
3.4,9.0,189786
3.0,9.0,190049
3.0,9.0,190295
3.1,9.0,190618
2.7,5.0,191050
2.6,5.0,191400
3.0,5.0,191784
2.8,5.0,192014
2.9,5.0,192253
2.6,5.0,192414
2.6,5.0,192751
2.5,5.0,192953
2.6,5.0,193283
2.9,6.0,193779
2.9,6.0,194211
2.9,6.0,194573
3.1,7.0,195065
3.2,7.0,195357
3.3,7.0,195681
3.4,7.0,195907
3.5,7.0,196273
3.5,7.0,196524
3.6,7.0,196910
3.6,7.0,197399
3.2,7.0,197630
3.2,7.0,197950
3.0,6.0,198384
3.2,6.0,198752
3.0,6.0,198956
3.6,7.0,199484
3.8,7.0,199950
3.9,7.0,200211
3.7,7.0,200493
3.4,7.0,200807
3.4,7.0,201034
3.2,7.0,201244
3.0,7.0,201575
3.0,7.0,201967
3.1,7.0,202208
3.3,9.0,202845
2.9,9.0,203113
2.9,9.0,203379
3.1,9.0,203772
3.2,9.0,204179
3.6,9.0,204637
3.9,9.0,205013
3.9,9.0,205379
3.8,9.0,205714
3.9,9.0,205996
3.1,5.0,206218
3.1,5.0,206481
3.0,5.0,206710
3.0,5.0,207080
2.8,5.0,207354
2.7,4.0,207728
2.4,4.0,207963
2.2,4.0,208165
2.4,5.0,208612
2.5,5.0,208999
2.7,5.0,209296
2.8,5.0,209608
2.9,5.0,209874
2.8,5.0,210181
3.0,5.0,210575
2.7,5.0,210784
2.8,5.0,211063
3.6,9.0,211546
3.5,9.0,211943
3.7,9.0,212429
3.6,9.0,212707
3.4,9.0,212927
3.4,9.0,213185
3.6,9.0,213564
3.4,9.0,213827
3.8,9.0,214311
4.0,9.0,214685
3.4,6.0,215074
3.3,6.0,215409
3.0,5.0,215744
2.9,5.0,215947
2.8,5.0,216106
2.8,5.0,216399
2.4,5.0,216631
2.6,5.0,217054
2.6,5.0,217459
2.7,5.0,217900
2.7,5.0,218207
2.6,5.0,218442
2.7,5.0,218841
2.9,5.0,219202
2.9,5.0,219360
2.9,5.0,219624
2.8,5.0,219781
2.4,5.0,219945
2.3,5.0,220347
2.0,4.0,220602
2.3,6.0,221032
2.9,8.0,221657
2.8,8.0,221992
2.5,8.0,222155
2.6,8.0,222355
2.5,8.0,222554
2.5,8.0,222711
2.8,8.0,223044
2.7,8.0,223402
2.7,8.0,223663
2.7,8.0,224098
1.9,6.0,224259
1.6,6.0,224430
2.2,6.0,224904
2.6,6.0,225360
3.1,6.0,225870
3.6,6.0,226306
3.6,6.0,226607
3.5,6.0,226846
3.7,6.0,227216
3.4,6.0,227546
3.7,6.0,227903
3.7,6.0,228067
3.3,6.0,228332
3.3,6.0,228758
2.7,5.0,228921
2.8,6.0,229408
2.6,6.0,229610
2.7,6.0,229917
2.9,6.0,230405
2.9,6.0,230741
3.0,6.0,231124
3.1,6.0,231361
3.3,6.0,231700
2.9,6.0,231924
3.4,6.0,232365
2.9,6.0,232569
3.2,6.0,232891
3.4,6.0,233290
3.2,5.0,233629
3.0,5.0,233853
2.9,5.0,234156
3.1,5.0,234461
3.1,5.0,234831
3.4,5.0,235224
3.2,5.0,235534
3.3,5.0,235823
3.0,5.0,236015
2.7,4.0,236262
2.5,4.0,236525
2.9,5.0,237012
2.7,5.0,237234
2.6,5.0,237498
2.4,5.0,237769
2.5,5.0,238195
2.6,5.0,238581
2.9,5.0,238998
3.0,5.0,239291
3.1,5.0,239601
3.2,5.0,239911
3.4,7.0,240406
3.7,7.0,240760
3.7,7.0,241028
4.0,7.0,241415
3.8,7.0,241728
4.1,7.0,242269
4.0,7.0,242620
3.9,7.0,242845
3.8,7.0,243109
3.9,7.0,243529
3.6,7.0,243925
3.7,7.0,244349
3.9,7.0,244739
3.6,7.0,244996
3.5,7.0,245266
2.8,5.0,245425
3.2,8.0,246012
3.5,8.0,246435
3.4,8.0,246656
3.3,8.0,246956
3.1,8.0,247216
2.7,8.0,247420
2.7,8.0,247775
2.9,8.0,248164
3.3,8.0,248626
3.8,8.0,249089
3.6,6.0,249589
3.7,6.0,250007
4.2,6.0,250488
4.6,7.0,251052
4.5,7.0,251252
5.0,7.0,251789
4.9,7.0,252102
4.9,7.0,252502
4.9,7.0,252969
4.7,7.0,253320
4.6,7.0,253777
4.5,7.0,254171
4.5,7.0,254637
4.2,6.0,255033
4.2,6.0,255251
4.1,6.0,255718
4.3,6.0,256181
4.0,6.0,256386
4.2,8.0,256969
4.4,8.0,257424
4.2,8.0,257723
4.1,8.0,258049
3.9,8.0,258447
4.0,8.0,258813
4.0,8.0,259040
3.9,8.0,259403
4.0,8.0,259856
4.3,8.0,260198
3.6,6.0,260402
3.4,6.0,260690
3.3,6.0,260986
3.3,6.0,261320
3.3,6.0,261713
3.0,6.0,261980
3.8,9.0,262444
3.6,9.0,262697
3.4,9.0,263053
3.5,9.0,263507
3.8,9.0,263875
3.8,9.0,264182
3.9,9.0,264486
3.9,9.0,264809
4.0,9.0,265193
4.2,9.0,265561
3.5,5.0,265811
3.5,5.0,266077
3.7,6.0,266519
3.6,6.0,266890
3.5,6.0,267206
3.7,6.0,267593
3.7,6.0,267944
3.5,6.0,268182
3.1,6.0,268410
3.1,6.0,268771
3.0,6.0,268974
2.9,6.0,269173
2.6,5.0,269458
2.4,5.0,269719
2.3,5.0,269957
2.1,4.0,270234
2.2,4.0,270630
2.6,5.0,271078
2.6,5.0,271301
2.3,5.0,271504
2.5,5.0,271809
3.0,6.0,272335
2.9,6.0,272602
3.0,6.0,272891
3.0,6.0,273149
3.0,6.0,273470
2.9,6.0,273766
2.6,6.0,274032
2.7,6.0,274294
2.9,6.0,274627
3.4,8.0,275199
3.4,8.0,275641
3.9,8.0,276199
3.8,8.0,276497
4.2,8.0,276955
4.5,8.0,277430
4.9,8.0,277972
5.3,8.0,278426
5.3,8.0,278671
5.2,8.0,278932
4.9,7.0,279314
4.6,7.0,279645
4.1,7.0,279888
4.5,7.0,280362
4.3,7.0,280758
4.1,7.0,281121
4.0,6.0,281636
4.2,8.0,282231
4.4,8.0,282576
4.5,8.0,282897
4.3,8.0,283250
4.3,8.0,283581
4.3,8.0,283850
4.0,8.0,284157
4.0,8.0,284510
4.1,8.0,284935
4.1,8.0,285434
3.5,6.0,285703
3.5,6.0,286068
3.7,6.0,286483
3.5,6.0,286713
3.6,6.0,287088
3.8,6.0,287454
3.9,6.0,287805
3.9,6.0,288123
3.8,6.0,288473
4.0,8.0,289030
3.9,8.0,289257
3.8,8.0,289569
3.8,8.0,289982
4.2,8.0,290391
4.2,8.0,290756
4.3,8.0,291195
4.7,8.0,291777
4.9,8.0,292279
4.6,8.0,292476
4.6,8.0,293068
5.0,8.0,293551
5.2,8.0,293945
5.1,8.0,294285
5.2,8.0,294788
5.1,8.0,295120
5.0,8.0,295514
4.7,8.0,295948
4.5,8.0,296308
4.7,8.0,296604
4.4,6.0,297012
3.9,6.0,297171
3.8,6.0,297544
3.9,6.0,298038
3.6,5.0,298387
3.9,6.0,298891
3.9,6.0,299252
3.6,6.0,299495
3.8,6.0,299973
3.8,6.0,300252
3.8,6.0,300683
4.4,6.0,301150
4.3,6.0,301504
4.4,6.0,301981
4.1,6.0,302145
3.9,6.0,302537
3.9,6.0,302939
3.9,6.0,303218
4.2,9.0,303724
4.2,9.0,304041
3.7,9.0,304205
3.2,9.0,304405
3.3,9.0,304750
3.1,9.0,305120
3.1,9.0,305293
3.2,9.0,305721
3.0,9.0,305982
3.6,9.0,306584
3.1,8.0,306970
3.7,9.0,307544
4.2,9.0,307981
4.2,9.0,308188
4.1,9.0,308511
3.8,9.0,308742
4.0,9.0,309002
3.9,9.0,309389
3.9,9.0,309657
3.1,9.0,309820
3.0,9.0,310175
2.6,5.0,310608
2.8,7.0,311082
3.1,7.0,311474
3.5,7.0,311992
3.9,7.0,312427
4.1,7.0,312797
4.3,7.0,313280
4.1,7.0,313439
4.4,7.0,313742
4.7,7.0,314218
4.6,7.0,314579
4.2,7.0,314908
4.6,8.0,315573
4.4,8.0,316012
4.2,8.0,316321
4.1,8.0,316652
4.2,8.0,317175
4.5,8.0,317504
4.6,8.0,317880
4.3,8.0,318156
4.6,8.0,318683
4.5,8.0,318940
4.2,7.0,319405
4.3,7.0,319878
4.3,7.0,320208
4.5,7.0,320646
4.2,7.0,321042
4.3,7.0,321407
5.1,12.0,322026
4.8,12.0,322186
4.6,12.0,322573
4.8,12.0,322893
5.3,12.0,323580
5.5,12.0,324211
5.5,12.0,324494
5.3,12.0,324855
5.4,12.0,325305
5.4,12.0,325690
4.5,10.0,326013
5.4,10.0,326673
5.8,10.0,327281
5.6,10.0,327544
5.0,9.0,327905
4.7,9.0,328294
5.1,9.0,328836
5.2,9.0,329237
5.2,9.0,329680
5.1,9.0,330012
5.4,9.0,330459
4.8,9.0,330752
4.5,7.0,331203
4.8,7.0,331601
4.7,7.0,331898
4.7,7.0,332330
4.8,8.0,332991
6.0,16.0,333809
5.8,16.0,334107
5.8,16.0,334427
5.8,16.0,334942
6.0,16.0,335364
5.8,16.0,335703
5.6,16.0,336056
5.7,16.0,336411
5.5,16.0,336704
5.6,16.0,337344
4.4,9.0,337743
4.2,9.0,337966
4.2,9.0,338322
3.8,9.0,338613
3.6,9.0,338948
3.6,9.0,339293
3.9,9.0,339820
3.8,9.0,340121
3.8,9.0,340469
3.0,6.0,340673
3.6,10.0,341200
4.0,10.0,341634
4.3,10.0,342087
4.4,10.0,342431
4.9,10.0,342988
4.7,10.0,343223
4.6,10.0,343679
4.9,10.0,344131
5.3,10.0,344667
5.7,10.0,345113
4.9,8.0,345408
4.7,8.0,345755
4.5,8.0,346175
4.8,8.0,346623
4.1,7.0,346848
4.4,7.0,347255
4.4,7.0,347671
3.9,7.0,347873
4.0,8.0,348454
3.8,8.0,348794
4.3,8.0,349191
4.7,8.0,349741
4.6,8.0,350035
4.6,8.0,350491
4.8,8.0,350813
5.1,8.0,351396
4.7,8.0,351598
5.4,8.0,352235
5.4,8.0,352732
5.6,8.0,353109
5.5,8.0,353567
5.3,8.0,354005
5.2,8.0,354267
5.2,8.0,354760
5.6,8.0,355243
5.4,8.0,355752
6.1,8.0,356189
5.7,8.0,356576
5.6,8.0,357135
5.6,8.0,357541
5.4,8.0,357863
5.2,8.0,358191
5.3,8.0,358501
4.8,8.0,358702
5.5,14.0,359447
5.2,14.0,359782
5.2,14.0,360356
5.6,14.0,360858
5.6,14.0,361374
5.5,14.0,361750
5.5,14.0,362154
5.9,14.0,362727
6.1,14.0,363135
6.7,14.0,363616
6.9,16.0,364484
7.2,16.0,364993
7.1,16.0,365584
6.6,16.0,365914
6.7,16.0,366501
6.7,16.0,366902
7.0,16.0,367486
6.6,16.0,367837
6.8,16.0,368329
6.7,16.0,368745
5.8,8.0,369311
5.6,8.0,369690
5.6,8.0,370177
6.0,8.0,370664
5.9,7.0,371247
6.2,7.0,371745
6.1,7.0,372205
6.3,7.0,372657
6.1,7.0,373065
6.2,7.0,373610
6.0,7.0,374036
6.3,7.0,374587
6.0,7.0,374954
6.0,7.0,375482
5.6,7.0,375785
5.4,7.0,376211
5.3,7.0,376658
5.1,7.0,376958
4.7,7.0,377187
4.5,7.0,377632
4.4,7.0,378024
4.5,8.0,378573
4.3,8.0,378865
4.0,8.0,379204
4.3,8.0,379668
3.9,8.0,379892
3.6,8.0,380187
3.7,8.0,380561
3.8,8.0,380801
3.7,8.0,381217
3.7,8.0,381613
3.7,8.0,382181
3.9,8.0,382529
3.9,8.0,382913
3.9,8.0,383380
4.3,8.0,383754
5.0,9.0,384324
5.1,9.0,384745
5.7,9.0,385305
5.7,9.0,385638
5.8,9.0,386103
5.6,9.0,386637
5.8,9.0,387138
6.1,9.0,387664
5.8,9.0,387965
6.8,15.0,388782
6.3,15.0,389133
6.0,15.0,389392
5.4,15.0,389659
5.4,15.0,390063
5.1,15.0,390328
5.3,15.0,390953
5.0,15.0,391262
4.6,15.0,391596
5.0,15.0,392117
3.9,8.0,392484
3.6,8.0,392688
3.7,8.0,393027
4.0,8.0,393510
4.1,8.0,393904
4.7,8.0,394469
4.5,8.0,394927
4.4,8.0,395169
5.4,13.0,395857
5.0,13.0,396182
5.1,13.0,396591
5.4,13.0,396954
5.3,13.0,397199
5.1,13.0,397503
4.9,13.0,397796
4.8,13.0,398319
4.2,13.0,398485
4.3,13.0,398815
3.1,7.0,399038
3.5,7.0,399599
3.9,9.0,400176
4.1,9.0,400669
4.5,9.0,401125
4.5,9.0,401412
4.7,9.0,401841
4.4,9.0,402212
4.8,9.0,402538
5.1,9.0,402998
5.6,9.0,403472
5.1,9.0,403734
4.9,7.0,404287
4.9,7.0,404765
4.5,7.0,405038
4.4,7.0,405279
4.2,7.0,405574
4.7,9.0,406234
5.7,14.0,406846
5.6,14.0,407232
5.6,14.0,407691
5.9,14.0,408100
5.7,14.0,408517
5.4,14.0,408842
5.3,14.0,409069
5.3,14.0,409315
5.5,14.0,409727
5.6,14.0,410377
4.7,10.0,410767
5.0,10.0,411294
4.7,10.0,411604
4.8,10.0,412062
4.6,10.0,412385
4.6,10.0,412667
5.0,10.0,413151
5.3,10.0,413613
5.3,10.0,414056
5.0,8.0,414617
4.6,8.0,414812
5.3,15.0,415472
5.6,15.0,415937
5.3,15.0,416240
5.6,15.0,416752
5.5,15.0,417037
5.6,15.0,417449
5.2,15.0,417654
5.3,15.0,418121
5.1,15.0,418551
5.6,15.0,419003
4.4,6.0,419332
4.6,8.0,419866
4.9,8.0,420345
4.7,8.0,420742
4.9,8.0,421108
4.6,8.0,421442
5.1,8.0,421950
5.0,8.0,422355
5.0,8.0,422709
4.9,8.0,423112
5.2,8.0,423597
4.6,6.0,423857
5.0,10.0,424518
5.5,10.0,425140
5.7,10.0,425666
5.7,10.0,425986
5.7,10.0,426508
5.8,10.0,426979
5.7,10.0,427351
5.7,10.0,427735
6.1,10.0,428373
6.6,10.0,428859
6.3,10.0,429399
6.0,10.0,429837
5.7,10.0,430159
5.7,10.0,430465
5.3,10.0,430734
5.0,10.0,431057
5.1,10.0,431524
5.0,10.0,431926
5.0,10.0,432496
5.2,10.0,433168
4.9,10.0,433565
4.4,10.0,433768
4.7,10.0,434237
5.3,10.0,434892
5.6,10.0,435285
5.8,10.0,435690
6.0,10.0,436193
6.0,10.0,436561
5.5,9.0,436957
5.3,9.0,437478
5.2,9.0,437783
5.7,9.0,438244
5.5,9.0,438629
5.0,7.0,439028
4.8,7.0,439303
4.4,7.0,439533
4.2,7.0,439951
4.0,7.0,440193
4.4,9.0,440815
4.1,9.0,441174
4.5,9.0,441754
4.9,10.0,442279
5.0,10.0,442690
5.4,10.0,443245
5.5,10.0,443576
6.1,10.0,444099
7.1,15.0,444786
7.6,15.0,445309
7.3,15.0,445777
7.0,15.0,446006
7.4,15.0,446747
7.0,15.0,447213
6.7,15.0,447505
6.4,15.0,447952
6.6,15.0,448417
6.2,15.0,448721
5.1,11.0,449088
5.2,11.0,449739
5.0,11.0,450126
5.2,11.0,450475
4.7,8.0,450894
4.8,8.0,451449
5.3,8.0,451989
5.7,9.0,452532
5.7,9.0,453006
5.7,9.0,453358
6.1,9.0,453971
6.0,9.0,454498
5.7,9.0,454701
5.9,9.0,455094
5.8,9.0,455515
5.6,9.0,455952
5.8,9.0,456539
5.4,9.0,456945
5.5,9.0,457463
5.6,9.0,457825
5.5,9.0,458360
5.8,10.0,459077
6.5,10.0,459676
6.8,10.0,460228
6.7,10.0,460572
7.3,11.0,461141
7.2,11.0,461659
7.1,11.0,462038
6.5,11.0,462239
6.8,11.0,462759
6.5,11.0,463160
6.1,11.0,463649
5.9,11.0,464195
6.0,11.0,464786
6.5,11.0,465369
6.0,9.0,465821
5.5,9.0,466165
5.7,9.0,466628
6.0,9.0,466989
6.7,14.0,467548
6.8,14.0,467979
7.9,17.0,468651
7.8,17.0,469054
8.0,17.0,469813
8.0,17.0,470441
7.9,17.0,470893
8.3,17.0,471389
8.2,17.0,471796
8.1,17.0,472098
7.4,17.0,472630
7.4,17.0,473066
6.3,11.0,473515
6.4,11.0,474001
5.7,9.0,474341
5.4,7.0,474786
5.7,8.0,475365
5.9,9.0,475856
6.2,9.0,476457
6.1,9.0,476724
5.7,9.0,477026
6.0,9.0,477613
6.0,9.0,478084
6.1,9.0,478576
6.4,9.0,479056
6.2,9.0,479439
6.2,9.0,480060
6.4,11.0,480762
6.2,11.0,481254
7.0,11.0,481994
7.4,11.0,482512
7.3,11.0,482989
7.6,11.0,483568
8.0,11.0,484149
7.8,11.0,484582
8.1,11.0,485108
7.8,11.0,485593
7.8,11.0,486316
8.0,11.0,486903
7.7,11.0,487407
8.0,11.0,488159
7.7,11.0,488525
7.2,11.0,488885
6.9,11.0,489444
7.4,11.0,489958
7.4,11.0,490516
7.6,11.0,491063
7.1,10.0,491590
7.0,10.0,492158
7.2,10.0,492827
7.3,11.0,493578
7.3,11.0,493908
7.2,11.0,494255
7.2,11.0,494808
6.8,11.0,495259
6.6,11.0,495715
6.4,11.0,496114
7.0,12.0,496805
7.5,12.0,497630
7.2,12.0,498078
7.6,15.0,498910
8.3,15.0,499549
9.0,15.0,500228
8.8,15.0,500701
9.0,15.0,501324
8.7,15.0,501590
9.0,15.0,502220
8.7,15.0,502799
8.0,15.0,503189
8.3,15.0,503816
7.5,11.0,504270
6.9,10.0,504725
6.1,9.0,504990
5.7,9.0,505257
5.8,9.0,505902
5.9,9.0,506230
5.9,9.0,506811
5.5,9.0,507220
6.1,11.0,507898
6.0,11.0,508467
6.4,11.0,509004
6.7,11.0,509574
6.9,11.0,509944
7.6,11.0,510582
7.6,11.0,511207
7.9,11.0,511675
7.9,11.0,512156
8.4,11.0,512794
7.7,11.0,513186
8.0,11.0,513759
7.2,11.0,514042
7.0,11.0,514495
7.7,11.0,515239
7.4,11.0,515744
6.9,11.0,516115
7.2,11.0,516785
7.3,11.0,517374
7.0,11.0,517883
7.2,11.0,518379
6.6,11.0,518811
6.9,11.0,519240
7.0,11.0,519762
6.2,9.0,520113
6.9,13.0,520818
7.0,13.0,521230
6.5,13.0,521577
6.5,13.0,522177
6.4,13.0,522633
6.1,13.0,522955
6.3,13.0,523520
6.6,13.0,524164
6.6,13.0,524671
6.6,13.0,524994
6.5,12.0,525665
6.3,12.0,525965
6.5,12.0,526408
6.0,12.0,526782
6.2,12.0,527365
6.4,12.0,527803
5.9,12.0,528039
5.8,12.0,528563
6.1,12.0,529242
6.1,12.0,529550
5.3,10.0,529955
6.1,11.0,530512
6.5,11.0,531147
7.1,11.0,531794
6.8,11.0,532223
6.9,11.0,532668
8.2,15.0,533240
8.1,15.0,533845
7.5,15.0,534214
8.0,15.0,534768
8.9,15.0,535458
9.0,15.0,536220
9.0,15.0,536887
8.9,15.0,537496
9.5,15.0,538182
10.2,15.0,538923
9.4,13.0,539393
9.5,13.0,540039
10.1,13.0,540658
9.9,13.0,541127
9.0,13.0,541492
10.3,25.0,542235
10.2,25.0,542832
9.9,25.0,543255
9.5,25.0,543756
8.9,25.0,544266
9.0,25.0,544901
8.8,25.0,545395
8.9,25.0,546035
8.7,25.0,546452
10.0,25.0,547309
8.8,17.0,547901
10.8,29.0,548524
11.5,29.0,549246
11.8,29.0,549820
11.6,29.0,550287
11.8,29.0,550908
12.4,29.0,551691
12.0,29.0,552240
12.6,29.0,552810
11.2,29.0,553105
10.4,29.0,553513
8.5,13.0,554244
7.9,12.0,554769
7.6,12.0,555285
7.9,12.0,555889
7.8,12.0,556491
7.5,10.0,557089
8.0,12.0,557933
7.9,12.0,558504
8.4,12.0,559133
9.2,13.0,559926
8.9,13.0,560469
8.9,13.0,561026
9.5,13.0,561880
9.2,13.0,562278
8.6,13.0,562583
9.4,17.0,563415
9.0,17.0,563986
9.0,17.0,564596
8.9,17.0,565105
8.5,17.0,565674
8.8,17.0,566314
8.5,17.0,566669
8.5,17.0,567361
9.2,17.0,567939
9.4,17.0,568365
8.7,13.0,569042
8.8,13.0,569724
8.6,13.0,570276
8.4,13.0,570704
8.2,13.0,571259
8.4,13.0,572102
9.1,13.0,572810
8.6,12.0,573352
9.0,16.0,574301
9.5,16.0,574965
9.5,16.0,575693
9.7,16.0,576486
10.3,16.0,577140
10.6,16.0,577746
10.4,16.0,578146
9.8,16.0,578598
9.4,16.0,579095
10.6,20.0,579819
9.8,20.0,580444
10.1,20.0,581105
10.4,20.0,581904
9.9,20.0,582406
10.2,20.0,583261
10.0,20.0,583768
11.2,20.0,584631
11.3,20.0,585179
11.0,20.0,585548
10.6,17.0,586235
10.3,17.0,586660
9.7,17.0,587138
11.1,27.0,588149
10.9,27.0,588521
10.2,27.0,589159
10.2,27.0,589619
9.1,27.0,590085
9.7,27.0,590796
10.3,27.0,591371
9.5,27.0,591916
9.9,27.0,592532
9.8,27.0,592976
8.0,13.0,593553
9.3,17.0,594433
8.9,17.0,594822
8.9,17.0,595272
9.5,17.0,596049
8.9,17.0,596586
8.7,17.0,597156
8.6,17.0,597641
8.3,17.0,598114
8.6,17.0,598737
8.8,17.0,599476
8.5,14.0,600153
9.3,14.0,600937
10.1,14.0,601816
10.0,14.0,602368
10.4,14.0,603032
10.4,14.0,603611
10.2,14.0,604040
10.4,14.0,604591
10.8,14.0,605374
10.3,14.0,605831
9.9,14.0,606486
9.0,14.0,606830
8.2,13.0,607244
7.7,13.0,607742
7.4,13.0,608306
7.7,13.0,609024
8.0,13.0,609599
7.8,13.0,610029
7.9,14.0,610675
8.2,14.0,611266
8.1,14.0,611864
9.0,14.0,612535
8.9,14.0,612939
9.5,14.0,613757
9.4,14.0,614273
9.3,14.0,614978
9.1,14.0,615428
9.9,14.0,616160
9.9,14.0,616972
9.9,14.0,617541
10.0,14.0,618165
9.6,14.0,618850
10.6,15.0,619600
10.6,15.0,620366
10.9,15.0,621080
10.8,15.0,621591
10.9,15.0,622049
10.2,15.0,622530
10.1,15.0,623228
10.2,15.0,623897
9.9,15.0,624407
9.4,15.0,624767
8.4,13.0,625204
8.0,13.0,625796
7.8,13.0,626342
8.2,13.0,627104
8.4,13.0,627719
9.0,13.0,628415
8.4,13.0,628896
7.9,13.0,629272
7.7,13.0,629653
8.1,13.0,630232
8.4,13.0,630641
8.6,13.0,631355
8.5,13.0,631887
7.7,13.0,632326
7.3,13.0,632760
7.4,14.0,633378
7.9,14.0,634120
8.5,14.0,634808
8.3,14.0,635106
8.6,14.0,635818
9.3,15.0,636573
10.9,26.0,637730
11.4,26.0,638533
11.9,26.0,639204
12.8,26.0,639906
12.7,26.0,640683
12.1,26.0,641196
11.9,26.0,641793
13.3,26.0,642719
13.5,26.0,643310
12.8,26.0,643864
11.2,17.0,644577
10.8,17.0,645182
10.5,17.0,645700
9.6,17.0,646157
9.7,17.0,646863
11.2,21.0,647720
11.3,21.0,648393
10.5,21.0,649022
9.9,21.0,649505
10.4,21.0,650294
10.5,21.0,650883
11.4,21.0,651826
11.6,21.0,652420
12.2,21.0,653235
12.1,21.0,654074
11.4,17.0,654850
11.7,17.0,655615
12.5,17.0,656406
13.5,17.0,657266
13.1,17.0,657855
12.8,17.0,658448
12.0,17.0,659041
12.1,17.0,659694
12.0,17.0,660393
11.8,17.0,661118
11.3,17.0,661725
10.9,17.0,662317
9.8,17.0,662777
9.6,15.0,663485
9.9,15.0,664205
10.1,15.0,664900
10.8,16.0,665533
11.8,20.0,666458
11.6,20.0,667023
12.4,20.0,667876
12.2,20.0,668364
12.9,20.0,669175
13.6,20.0,670029
12.6,20.0,670406
12.2,20.0,670973
12.3,20.0,671675
12.1,20.0,672557
11.2,19.0,673318
11.8,19.0,674199
10.7,16.0,674725
11.3,16.0,675386
10.8,14.0,676094
10.6,14.0,676662
11.1,14.0,677315
11.8,15.0,678073
11.6,15.0,678687
11.0,15.0,679219
10.7,15.0,679844
10.4,15.0,680553
10.4,15.0,681142
9.7,15.0,681609
9.8,15.0,682301
10.1,15.0,683195
10.1,15.0,683927
10.4,18.0,684688
10.8,18.0,685502
11.5,18.0,686119
11.7,18.0,686832
11.6,18.0,687559
12.2,18.0,688416
12.5,18.0,689045
12.5,18.0,689805
12.4,18.0,690690
12.2,18.0,691256
11.6,15.0,692029
11.0,15.0,692555
10.7,14.0,693313
11.7,20.0,694313
11.5,20.0,694862
11.2,20.0,695438
12.0,20.0,696321
12.0,20.0,697084
11.9,20.0,697884
12.0,20.0,698519
11.5,20.0,699017
12.9,21.0,700125
13.9,22.0,701055
12.9,22.0,701725
13.6,22.0,702447
13.1,22.0,702899
12.9,22.0,703789
13.6,22.0,704664
13.1,22.0,705183
13.2,22.0,705844
13.8,22.0,706588
13.0,22.0,707376
11.6,19.0,707944
12.0,19.0,708752
11.9,19.0,709581
11.9,19.0,710051
12.3,19.0,710826
11.7,19.0,711641
11.8,19.0,712186
11.5,19.0,712745
11.6,19.0,713489
11.9,19.0,714405
12.1,19.0,714900
12.6,19.0,715763
12.2,19.0,716222
13.7,21.0,717224
13.0,21.0,717986
12.5,21.0,718518
13.0,21.0,719344
13.7,21.0,720205
13.7,21.0,721048
13.0,21.0,721677
13.3,21.0,722509
12.9,21.0,723458
13.7,21.0,724416
12.4,18.0,724942
12.7,18.0,725652
13.2,18.0,726313
12.6,18.0,726838
12.1,18.0,727437
11.9,18.0,728154
11.9,18.0,728744
11.7,18.0,729415
11.4,18.0,730143
10.8,15.0,730920
11.0,15.0,731607
10.0,13.0,732025
9.5,12.0,732640
10.2,14.0,733333
10.2,14.0,733931
10.8,18.0,734852
10.5,18.0,735310
10.3,18.0,735940
10.1,18.0,736597
10.4,18.0,737402
11.2,18.0,738298
12.2,18.0,739102
11.7,18.0,739403
12.4,21.0,740282
12.5,21.0,740906
13.3,26.0,741921
14.4,26.0,742824
14.2,26.0,743354
14.9,26.0,743988
14.6,26.0,744724
14.0,26.0,745445
13.5,26.0,746125
14.7,26.0,747031
14.0,26.0,747903
13.8,26.0,748433
12.3,17.0,748988
12.1,17.0,749983
12.4,17.0,750684
12.1,15.0,751540
11.4,15.0,751897
11.1,15.0,752565
11.7,16.0,753464
12.2,20.0,754487
12.1,20.0,755263
13.0,20.0,756049
13.3,20.0,756929
12.9,20.0,757666
12.9,20.0,758321
13.3,20.0,759313
14.0,20.0,760162
14.2,20.0,760869
14.5,20.0,761615
13.3,19.0,762192
13.0,19.0,762892
12.1,19.0,763503
11.9,19.0,764202
12.0,19.0,764897
11.9,19.0,765480
12.0,19.0,766331
12.0,19.0,767171
13.5,26.0,768163
12.9,26.0,768959
12.9,26.0,769572
13.3,26.0,770193
13.7,26.0,770820
14.5,26.0,771730
14.9,26.0,772653
14.8,26.0,773182
14.6,26.0,774071
15.0,26.0,775003
13.8,20.0,775857
13.6,20.0,776574
14.9,21.0,777547
14.6,21.0,778224
14.4,21.0,778854
14.5,21.0,779716
13.8,21.0,780367
14.9,21.0,781200
15.0,21.0,782070
14.5,21.0,782813
14.3,21.0,783597
14.0,21.0,784105
13.7,21.0,785012
13.5,21.0,785599
14.2,21.0,786458
14.2,21.0,787313
14.8,21.0,788184
14.0,21.0,788972
14.3,21.0,789808
15.0,21.0,790739
15.5,21.0,791333
17.1,24.0,792272
16.1,24.0,792802
16.3,24.0,793506
15.8,24.0,794266
14.9,24.0,794977
14.1,24.0,795505
14.2,24.0,796278
12.8,24.0,796764
12.2,24.0,797518
12.7,24.0,798404
12.6,23.0,799410
13.5,23.0,800380
15.6,32.0,801568
15.7,32.0,802401
17.1,32.0,803374
17.9,32.0,804023
17.7,32.0,804727
17.9,32.0,805319
18.2,32.0,806079
17.7,32.0,806741
17.8,32.0,807606
17.8,32.0,808481
15.7,26.0,809225
15.7,26.0,809856
14.4,24.0,810488
14.2,24.0,811224
15.2,24.0,812063
15.6,24.0,812665
15.2,24.0,813346
14.4,24.0,813940
13.7,20.0,814771
13.2,20.0,815505
14.1,20.0,816483
14.1,20.0,817338
14.6,20.0,818193
15.0,20.0,818964
14.2,20.0,819752
14.3,20.0,820550
14.7,20.0,821306
15.2,20.0,821950
15.1,20.0,822874
15.6,20.0,823686
14.8,18.0,824427
15.1,18.0,825204
16.3,30.0,826425
15.9,30.0,827117
16.0,30.0,827997
15.9,30.0,828756
15.8,30.0,829503
15.2,30.0,830120
15.2,30.0,830885
15.0,30.0,831781
14.8,30.0,832428
15.1,30.0,833259
13.0,19.0,833898
13.6,19.0,834968
13.5,19.0,835709
13.1,19.0,836302
13.4,19.0,837347
13.9,19.0,838209
14.5,22.0,839466
14.2,22.0,840188
14.5,22.0,840977
14.1,22.0,841876
14.7,22.0,842761
14.8,22.0,843794
15.1,22.0,844510
16.5,23.0,845644
16.8,23.0,846592
17.9,24.0,847699
16.9,24.0,848447
16.6,24.0,849063
16.9,24.0,849987
17.4,24.0,850914
18.3,24.0,852144
17.6,24.0,852887
16.9,24.0,853445
17.1,25.0,854589
16.1,25.0,855185
15.3,25.0,855996
16.8,27.0,857050
17.4,27.0,857591
17.5,27.0,858568
16.8,27.0,859380
15.3,27.0,859947
15.1,27.0,860647
15.0,27.0,861182
15.3,28.0,862524
15.7,28.0,863347
15.6,28.0,864044
14.1,28.0,864804
15.0,28.0,865751
15.0,28.0,866598
15.0,28.0,867401
15.1,28.0,868095
15.3,28.0,868965
17.6,30.0,870206
16.3,30.0,871068
17.5,30.0,872312
17.0,30.0,872905
17.1,30.0,873711
17.4,30.0,874911
17.8,30.0,875808
18.2,30.0,876840
19.8,30.0,878008
20.1,30.0,878753
18.5,27.0,879541
18.2,27.0,880232
18.2,27.0,881161
18.9,27.0,882169
18.5,27.0,882847
17.3,26.0,883753
16.4,26.0,884489
16.0,26.0,885286
16.1,27.0,886144
16.0,27.0,886865
15.5,27.0,887518
16.0,27.0,888429
14.0,27.0,888898
13.5,27.0,889614
14.3,27.0,890430
14.2,27.0,891281
14.4,27.0,892152
14.4,27.0,893001
13.6,19.0,894026
14.5,24.0,894805
15.8,24.0,895685
15.9,24.0,896353
16.6,24.0,897169
16.6,24.0,897921
17.3,24.0,898887
18.7,28.0,900085
19.2,28.0,900934
20.5,28.0,902088
21.1,28.0,903095
19.8,28.0,903803
19.5,28.0,904721
19.0,28.0,905551
19.9,28.0,906597
21.0,28.0,907705
20.0,28.0,908613
19.3,26.0,909367
19.9,26.0,910491
19.2,25.0,911247
19.0,25.0,912345
19.1,25.0,913117
19.0,25.0,914035
19.1,25.0,914912
18.6,25.0,915679
18.3,25.0,916703
17.6,25.0,917259
17.0,25.0,918015
16.2,23.0,918799
16.0,23.0,919708
15.0,20.0,920453
15.1,20.0,921268
14.1,20.0,921827
14.4,20.0,922634
13.9,20.0,923431
13.0,17.0,924220
14.3,20.0,925130
14.8,20.0,926174
16.4,33.0,927572
16.5,33.0,928396
16.4,33.0,929079
16.3,33.0,929900
17.6,33.0,930830
17.9,33.0,931752
18.2,33.0,932641
19.0,33.0,933493
19.1,33.0,934608
18.1,33.0,935272
16.2,21.0,936053
16.4,21.0,936934
17.8,26.0,937820
17.8,26.0,938611
16.8,26.0,939333
18.1,33.0,940703
17.8,33.0,941412
17.3,33.0,942318
17.2,33.0,943297
17.2,33.0,943927
18.9,33.0,945302
18.7,33.0,946033
18.5,33.0,946972
18.6,33.0,947771
18.8,33.0,948596
17.3,31.0,949493
17.2,31.0,950141
17.3,31.0,951032
16.2,31.0,951710
17.2,31.0,952609
15.8,24.0,953550
15.8,24.0,954571
15.2,20.0,955409
15.4,20.0,956217
16.3,22.0,957283
16.5,22.0,958315
17.3,22.0,959186
17.4,22.0,960081
19.0,25.0,961274
19.0,25.0,962289
19.6,25.0,963073
19.3,25.0,963968
19.8,25.0,965065
19.4,25.0,965746
18.4,25.0,966538
18.2,25.0,967449
18.3,25.0,968274
18.4,25.0,969108
17.8,23.0,970021
18.0,23.0,970943
18.6,29.0,972067
18.5,29.0,972903
17.3,29.0,973572
18.4,29.0,974493
18.3,29.0,975208
17.9,29.0,976097
16.9,29.0,976760
16.4,29.0,977468
16.3,29.0,978213
16.0,29.0,979170
15.0,22.0,980007
15.3,22.0,980978
15.6,22.0,981714
15.6,22.0,982506
16.9,24.0,983524
17.1,24.0,984260
17.8,24.0,985170
18.9,24.0,986197
17.7,24.0,986686
18.1,24.0,987732
17.9,24.0,988557
17.8,24.0,989275
19.4,30.0,990301
18.9,30.0,991221
18.1,30.0,992104
18.4,30.0,992916
18.6,30.0,994000
19.0,30.0,995339
19.8,30.0,996138
19.5,30.0,997201
19.5,30.0,998124
20.5,30.0,999232
19.9,27.0,1000227
20.5,27.0,1001186
20.6,27.0,1002107
21.4,27.0,1003121
22.6,31.0,1004394
23.0,31.0,1005411
22.5,31.0,1005969
23.7,32.0,1007025
24.2,32.0,1008177
22.4,32.0,1008741
21.6,32.0,1009566
21.3,32.0,1010472
20.4,32.0,1011047
19.5,32.0,1011849
18.4,32.0,1012999
18.2,32.0,1014329
18.8,32.0,1015070
19.1,35.0,1016288
19.5,35.0,1017443
21.1,35.0,1018417
22.2,35.0,1019509
22.9,35.0,1020516
25.2,35.0,1021717
24.3,35.0,1022313
24.0,35.0,1023114
22.1,35.0,1023741
22.1,35.0,1024604
22.3,37.0,1025793
21.9,37.0,1026761
20.9,37.0,1027687
20.0,37.0,1028578
18.9,37.0,1029451
17.1,37.0,1030318
17.7,37.0,1031252
17.7,37.0,1032211
18.9,37.0,1033061
19.2,37.0,1034076
17.6,22.0,1034940
16.3,22.0,1035533
16.1,22.0,1036209
15.9,22.0,1036953
16.2,22.0,1037851
16.5,22.0,1038678
17.5,25.0,1039893
16.9,25.0,1040650
17.2,25.0,1041603
17.9,25.0,1042830
17.9,25.0,1043776
18.0,25.0,1044359
18.5,25.0,1045250
20.0,31.0,1046383
19.9,31.0,1047441
19.3,31.0,1048074
19.5,31.0,1049156
19.7,31.0,1049967
19.9,31.0,1051288
21.1,37.0,1052697
21.1,37.0,1053692
21.0,37.0,1054308
20.1,37.0,1054883
18.3,37.0,1055654
17.7,37.0,1056343
18.1,37.0,1057044
17.3,37.0,1058071
19.6,37.0,1059233
18.8,37.0,1060055
18.3,36.0,1061282
18.1,36.0,1062177
20.9,37.0,1063446
22.9,37.0,1064672
22.9,37.0,1065501
23.2,37.0,1066410
26.0,42.0,1067826
25.2,42.0,1068483
24.1,42.0,1069503
24.9,42.0,1070678
23.9,42.0,1071783
23.9,42.0,1072738
22.2,42.0,1073818
20.7,42.0,1074573
22.7,42.0,1075838
26.1,49.0,1077463
24.3,49.0,1078539
26.9,49.0,1079760
25.7,49.0,1080595
24.5,49.0,1081321
25.0,49.0,1082388
24.1,49.0,1083024
24.0,49.0,1083925
24.9,49.0,1084847
24.9,49.0,1086157
21.7,37.0,1087112
21.5,37.0,1087882
21.0,33.0,1089126
22.9,33.0,1090536
23.8,33.0,1091579
23.8,33.0,1092650
23.8,33.0,1093258
25.0,33.0,1094406
24.3,33.0,1095206
23.3,32.0,1096019
24.1,32.0,1097234
23.7,32.0,1098266
22.1,32.0,1099244
19.8,31.0,1100062
18.8,31.0,1100733
18.3,31.0,1101515
19.1,31.0,1102373
17.8,25.0,1103215
17.8,25.0,1104128
18.1,26.0,1105365
17.4,26.0,1106201
17.4,26.0,1107043
19.0,32.0,1108146
20.9,32.0,1109189
22.1,32.0,1110498
22.1,32.0,1111476
21.6,32.0,1112255
22.0,32.0,1113386
21.6,32.0,1114132
21.5,32.0,1115430
21.0,32.0,1116184
21.6,32.0,1117207
19.4,28.0,1117836
20.2,36.0,1119342
19.2,36.0,1120301
18.2,36.0,1121028
18.6,36.0,1121925
20.5,41.0,1123435
20.6,41.0,1124174
19.6,41.0,1125045
19.4,41.0,1125709
18.4,41.0,1126620
18.6,41.0,1127323
17.1,41.0,1128226
17.4,41.0,1129309
19.1,41.0,1130345
19.7,41.0,1131327
17.0,29.0,1132142
19.9,41.0,1133734
21.3,41.0,1134943
22.1,41.0,1135983
22.9,41.0,1136850
23.1,41.0,1137629
24.0,41.0,1138797
24.7,41.0,1139715
23.7,41.0,1140810
23.4,41.0,1141675
23.2,41.0,1142420
20.0,30.0,1143082
19.1,30.0,1144054
20.3,31.0,1145317
19.9,31.0,1146183
23.1,46.0,1147953
22.6,46.0,1149223
21.4,46.0,1149998
21.3,46.0,1151003
22.8,46.0,1152106
22.8,46.0,1152868
23.3,46.0,1153616
23.1,46.0,1154703
22.0,46.0,1155691
23.1,46.0,1156612
21.0,35.0,1157633
20.5,35.0,1158389
21.5,35.0,1159375
22.7,35.0,1160553
22.5,33.0,1161464
24.8,35.0,1162621
25.3,35.0,1163769
26.0,35.0,1164849
25.7,35.0,1165919
24.3,35.0,1166796
23.8,35.0,1167770
25.4,36.0,1169213
26.1,36.0,1170689
26.3,36.0,1171940
24.6,36.0,1172748
23.5,36.0,1173791
25.2,36.0,1175243
25.1,36.0,1176264
26.2,36.0,1177121
26.5,36.0,1178057
26.6,36.0,1179161
24.6,36.0,1180085
23.5,36.0,1180955
23.4,36.0,1182246
24.0,36.0,1183152
23.8,36.0,1184065
22.0,31.0,1184852
20.9,31.0,1185581
20.0,31.0,1186486
20.1,31.0,1187427
19.2,31.0,1188131
18.9,31.0,1188873
20.6,37.0,1190099
19.1,37.0,1190999
19.1,37.0,1192066
19.6,37.0,1193177
19.6,37.0,1194212
21.8,37.0,1195595
21.4,37.0,1196484
22.8,37.0,1197784
23.9,37.0,1198849
24.0,37.0,1199474
23.1,35.0,1200587
24.0,35.0,1201640
23.9,35.0,1202341
24.6,35.0,1203645
23.6,35.0,1204119
21.5,34.0,1204963
21.6,34.0,1205811
21.2,34.0,1207052
21.3,34.0,1208240
21.7,34.0,1209088
20.7,34.0,1209766
20.0,34.0,1210621
19.1,34.0,1211337
17.9,29.0,1212457
18.5,29.0,1213230
18.4,29.0,1213940
19.1,29.0,1215082
17.7,24.0,1215880
16.4,23.0,1216661
17.4,28.0,1217808
18.0,28.0,1218929
17.4,28.0,1219698
16.9,28.0,1220237
17.7,30.0,1221349
17.9,30.0,1222266
19.6,30.0,1223687
18.3,30.0,1224260
18.4,30.0,1225178
18.6,30.0,1225973
18.9,31.0,1227208
17.9,31.0,1228021
18.7,31.0,1229045
20.3,31.0,1230075
18.5,31.0,1230802
17.8,31.0,1231320
18.0,32.0,1232787
20.9,39.0,1234079
21.5,39.0,1235075
24.2,40.0,1236551
22.1,40.0,1237180
22.0,40.0,1237971
21.0,40.0,1238706
20.3,40.0,1239588
20.7,40.0,1240400
21.8,40.0,1241388
21.7,40.0,1242760
18.8,40.0,1243323
18.4,40.0,1244372
17.2,31.0,1245517
17.2,31.0,1246176
18.3,31.0,1247074
19.6,31.0,1248100
19.7,31.0,1248898
19.4,31.0,1249630
19.4,31.0,1250636
17.7,28.0,1251531
17.8,28.0,1252208
17.5,28.0,1253181
15.3,24.0,1253633
15.9,24.0,1254168
13.8,23.0,1254490
13.5,20.0,1255467
12.5,20.0,1255975
12.4,20.0,1256754
12.2,20.0,1257617
14.0,32.0,1258518
15.3,32.0,1259599
16.4,32.0,1260783
16.7,32.0,1261360
16.5,32.0,1262248
17.8,32.0,1263118
17.2,32.0,1263948
17.9,32.0,1264646
18.5,32.0,1265606
18.6,32.0,1266399
17.4,26.0,1267385
16.6,26.0,1268296
16.6,26.0,1269466
16.2,26.0,1269853
17.4,26.0,1270986
16.7,26.0,1271541
17.5,26.0,1272776
18.3,26.0,1273760
19.7,32.0,1275008
